CODI_ENT_BANC;2008;2009;2010;2011;2012;2013;2014;2015;2016;2017
1;300;783;762;500;470;470;0;0;0;0
2;410;170;200;200;200;200;200;200;200;200
3;140;158;2800;76;99;99;108;89;89;78
4;172;70;110;99;92;95;95;35;35;20
5;1357;495;900;890;820;999;580;483;483;770
6;126;0;0;0;66;0;0;0;0;0
7;0;0;0;0;105;0;0;0;0;0
8;554;287;477;218;337;381;386;384;384;375
9;0;0;0;0;0;0;0;0;0;0
10;0;0;0;0;443;0;0;0;0;0
11;4768;1775;1896;1846;730;771;1108;1607;1607;1561
12;0;0;0;0;280;0;0;0;0;0
13;0;0;0;0;0;0;0;0;0;0
14;0;0;0;0;0;0;0;0;0;0
15;30;0;0;0;30;0;0;0;0;0
16;313;145;105;375;385;385;385;388;388;160
17;3083;974;1115;1298;1286;1286;1286;1853;1853;470
18;1474;1350;1112;1010;1050;3866;3681;3557;3557;3573
19;0;0;0;0;147;0;0;0;0;0
20;2939;1454;2221;1624;2596;2596;2892;2115;2115;4944
21;0;0;0;0;0;0;0;0;0;0
22;532;620;651;609;745;759;708;491;491;368
23;0;0;0;0;0;0;0;0;0;0
24;0;0;0;0;50;0;0;0;0;0
25;595;287;290;316;258;110;80;12;12;0
26;197;82;77;0;67;0;0;0;0;0
27;950;581;392;787;747;747;692;548;548;382
28;620;180;175;353;300;74;74;74;74;0
29;598;404;403;624;624;624;624;558;558;477
30;448;258;415;467;2868;3857;2882;2160;2160;1663
31;0;0;0;0;0;0;0;0;0;0
32;545;475;414;503;327;327;333;125;125;125
33;122;70;98;0;92;0;0;0;0;0
34;0;0;0;0;0;0;0;0;0;0
35;0;0;0;0;0;0;65;65;65;0
36;1706;701;807;820;860;860;875;790;790;783
37;0;0;0;0;0;0;0;0;0;0
38;58;20;20;15;30;23;0;0;0;0
39;235;147;148;212;225;225;225;125;125;124
40;818;391;391;468;513;0;0;0;0;0
41;1314;162;196;190;148;163;177;0;0;0
42;98;187;335;400;411;411;411;411;411;188
43;894;672;746;484;562;562;562;543;543;541
44;649;268;294;562;566;580;580;245;245;348
45;0;0;0;0;0;0;0;0;0;0
46;40;0;0;0;40;0;0;0;0;0
47;312;270;1030;688;648;648;797;797;797;781
48;0;0;0;0;0;0;0;0;0;0
49;0;0;0;0;0;0;0;0;0;0
50;0;0;0;0;0;0;0;0;0;0
51;161;50;44;88;43;0;0;0;0;0
52;58;29;29;0;29;0;0;0;0;0
53;811;453;512;650;650;650;500;328;328;386
54;263;130;0;170;250;570;540;547;547;503
55;0;0;0;0;0;0;0;0;0;0
56;194;88;87;85;85;85;85;85;85;0
57;585;388;367;579;694;686;686;686;686;613
58;225;110;110;149;120;120;145;87;87;36
59;206;100;100;100;100;25;25;25;25;25
60;0;0;0;0;0;0;0;0;0;0
61;0;0;0;0;0;0;0;0;0;0
62;0;0;0;0;10;0;0;0;0;0
63;0;0;0;0;0;0;0;0;0;0
64;234;160;298;180;165;675;485;625;625;350
65;0;0;0;0;0;0;0;0;0;0
66;85;65;19;38;68;49;33;25;25;35
67;210;124;45;92;92;124;126;85;85;128
68;0;0;0;0;190;0;0;0;0;0
69;0;0;0;0;0;0;0;0;0;0
70;35;15;15;15;15;15;15;15;15;15
71;0;0;0;0;421;0;0;0;0;0
72;144;41;47;26;26;26;26;27;27;27
73;0;0;0;0;0;0;0;0;0;0
74;340;210;250;250;250;250;250;260;260;120
75;150;400;0;399;465;465;465;550;550;0
76;0;225;370;425;425;425;425;425;425;236
77;0;0;0;0;0;0;0;0;0;0
78;375;210;150;80;100;100;100;100;100;0
79;200;0;0;0;0;0;0;0;0;0
80;432;252;202;202;215;215;236;239;239;187
81;690;378;553;368;714;714;250;411;411;223
82;185;100;92;100;100;100;100;35;35;0
83;328;158;160;160;186;285;285;284;284;267
84;0;0;0;0;0;0;0;0;0;0
85;17;0;0;0;17;0;0;0;0;0
86;0;0;0;0;0;0;0;0;0;0
87;0;0;0;0;0;0;0;0;0;0
88;86;43;43;43;43;43;43;43;43;0
89;0;0;0;0;107;0;0;0;0;0
90;508;389;478;420;498;498;424;276;276;0
91;0;0;0;0;25;0;0;0;0;0
92;32;13;16;16;16;16;0;0;0;0
93;1147;388;593;486;566;474;474;309;309;420
94;0;0;0;0;0;0;0;0;0;0
95;0;0;0;0;0;0;0;0;0;0
96;88;120;88;88;88;88;88;68;68;0
97;177;162;129;149;252;252;169;281;281;310
98;0;0;0;0;0;0;0;0;0;0
99;0;0;0;0;35;0;0;0;0;0
100;0;0;0;0;15;0;0;0;0;0
101;758;532;197;420;220;229;229;160;160;0
102;441;325;495;300;300;835;835;349;349;307
103;180;0;0;0;90;0;0;0;0;0
104;767;288;99;88;88;88;0;0;0;0
105;791;400;427;340;380;380;263;194;194;266
106;0;0;0;0;0;0;0;0;0;0
107;3320;1239;852;844;855;858;780;260;260;0
108;320;84;51;56;56;0;0;0;0;0
109;205;125;80;150;365;180;180;206;206;191
110;435;214;160;298;380;160;160;142;142;45
111;160;139;103;164;164;177;190;164;164;126
112;458;170;180;357;546;546;546;661;661;563
113;0;0;0;0;0;0;0;0;0;0
114;108;49;34;35;40;40;35;36;36;30
115;0;0;0;0;30;0;0;0;0;0
116;0;0;0;0;0;0;0;0;0;0
117;386;0;0;0;166;0;0;0;0;0
118;237;89;90;87;35;0;0;0;0;0
119;148;75;73;85;98;0;0;0;0;0
120;423;280;289;310;260;279;279;259;259;254
121;0;0;0;0;105;0;0;0;0;0
122;0;0;0;0;0;0;0;0;0;0
123;723;128;579;1166;189;192;146;84;84;90
124;338;136;300;75;360;210;288;283;283;153
125;0;0;0;0;80;0;0;0;0;0
126;30;50;64;91;115;115;40;37;37;51
127;321;529;552;1323;1323;0;0;0;0;0
128;176;10;0;15;15;15;15;15;15;0
129;134;74;85;86;83;83;83;60;60;58
130;0;0;0;0;0;0;0;0;0;0
131;0;0;0;0;0;0;0;0;0;0
132;192;62;259;152;115;23;26;25;25;27
133;120;60;2185;150;200;200;200;240;240;214
134;160;80;90;90;90;70;71;71;71;79
135;0;0;0;0;0;0;0;0;0;0
136;0;0;0;0;0;0;0;0;0;0
137;0;0;0;0;0;0;0;0;0;0
138;0;0;0;0;0;0;0;0;0;0
139;2162;1645;2003;1212;1154;1287;0;1102;1102;343
140;0;0;0;0;0;0;0;0;0;0
141;30;30;30;35;34;34;34;34;34;0
142;0;0;0;0;120;0;0;0;0;0
143;130;0;0;0;130;0;0;0;0;0
144;0;0;0;0;230;0;0;0;0;0
145;150;75;50;70;55;0;0;0;0;0
146;0;0;0;0;0;0;0;0;0;0
147;232;117;233;250;233;180;200;46;46;0
148;0;0;0;0;0;0;0;0;0;0
149;194;280;320;325;391;444;459;224;224;342
150;0;0;0;0;0;0;0;0;0;0
151;0;0;0;0;164;0;0;0;0;0
152;0;0;0;0;77;0;0;0;0;0
153;0;0;0;0;0;0;0;0;0;0
154;0;0;0;0;0;0;0;0;0;0
155;0;0;0;0;108;0;0;0;0;0
156;188;27;20;15;15;0;0;0;0;0
157;200;300;500;230;230;230;230;115;115;0
158;0;0;0;0;0;0;0;0;0;0
159;40;76;70;36;37;37;37;37;37;0
160;0;0;0;0;0;0;0;0;0;0
161;240;223;309;403;403;0;0;0;0;0
162;0;0;0;0;71;0;0;0;0;0
163;45;23;23;0;23;0;0;0;0;0
164;0;0;0;0;0;0;0;0;0;0
165;262;145;145;213;398;464;464;162;162;74
166;723;493;530;530;548;548;777;416;416;0
167;0;0;0;0;0;0;0;0;0;0
168;136;142;237;451;480;480;541;558;558;385
169;25;0;0;0;25;0;0;0;0;0
170;564;349;607;678;632;632;717;819;819;629
171;324;234;294;315;330;330;330;199;199;266
172;69;75;80;105;84;80;101;0;0;0
173;101;0;0;0;45;0;0;0;0;0
174;0;0;0;0;0;0;0;0;0;0
175;302;222;362;353;343;343;343;168;168;0
176;2097;665;2516;1367;390;353;0;0;0;0
177;346;214;493;519;723;732;975;771;771;718
178;345;450;705;409;719;363;261;189;189;190
179;250;194;0;193;192;183;160;75;75;63
180;0;0;0;0;0;0;0;0;0;0
181;165;90;70;250;170;392;147;129;129;85
182;0;0;0;0;360;0;0;0;0;0
183;63;0;0;0;24;0;0;0;0;0
184;103;156;143;143;249;552;610;316;316;266
185;0;0;0;0;0;0;0;0;0;0
186;0;0;0;0;0;0;0;0;0;0
187;4292;830;996;995;826;757;757;664;664;297
188;247;110;158;84;89;206;104;159;159;111
189;59;67;80;160;160;160;192;170;170;326
190;0;0;0;0;150;0;0;0;0;0
191;0;0;0;0;0;0;0;0;0;0
192;0;0;0;0;0;0;0;0;0;0
193;141;140;140;149;151;151;151;153;153;31
194;0;0;0;0;0;0;0;0;0;0
195;0;0;0;0;40;0;0;0;0;0
196;316;193;240;284;279;279;978;941;941;874
197;0;0;0;0;33;0;0;0;0;0
198;0;0;0;0;1020;0;0;0;0;0
199;480;244;153;273;313;322;322;199;199;271
200;0;0;0;0;20;0;0;0;0;0
201;127;127;127;127;144;144;144;140;140;0
202;0;0;0;0;210;0;0;0;0;0
203;0;0;0;0;0;0;0;0;0;0
204;81;95;110;125;262;262;262;274;274;220
205;0;0;0;145;145;145;249;236;236;0
206;0;0;0;0;25;0;0;0;0;0
207;0;0;0;0;25;0;0;0;0;0
208;0;0;0;0;602;0;0;0;0;0
209;211;75;193;267;374;374;368;368;368;298
210;124;0;0;0;124;0;0;0;0;0
211;0;0;0;0;0;0;0;0;0;0
212;93;129;124;119;102;55;80;67;67;48
213;183;100;77;70;110;110;88;88;88;0
214;377;216;298;302;358;358;360;226;226;302
215;290;182;230;227;122;122;122;103;103;103
216;0;0;0;0;0;0;0;0;0;0
217;305;170;203;420;438;438;438;675;675;466
218;0;0;0;0;40;0;0;0;0;0
219;572;86;75;0;357;0;0;0;0;0
220;521;505;0;530;610;610;582;272;272;320
221;990;1081;1600;2793;2793;2874;2874;2874;2874;897
222;339;20;30;25;58;58;85;61;61;71
223;176;128;155;171;331;331;352;260;260;315
224;76;75;60;85;88;88;159;159;159;175
225;0;0;0;0;0;0;0;0;0;0
226;201;153;171;340;315;306;306;269;269;358
227;91;48;52;35;61;75;75;75;75;0
228;280;138;190;246;197;252;0;0;0;0
229;110;125;48;65;80;147;147;211;211;96
230;139;195;0;209;209;0;0;0;0;0
231;94;125;125;105;177;177;179;100;100;40
232;204;120;110;60;60;60;60;60;60;43
233;55;0;0;0;55;0;0;0;0;0
234;104;0;0;0;100;0;0;0;0;0
235;0;0;0;0;100;0;0;0;0;0
236;172;114;135;235;170;170;108;56;56;88
237;0;0;0;0;60;0;0;0;0;0
238;141;0;0;193;320;320;356;381;381;0
239;528;377;387;428;580;580;620;679;679;568
240;150;98;98;101;111;111;97;97;97;97
241;0;0;0;0;50;0;0;0;0;0
242;450;156;700;725;755;610;596;572;572;603
243;122;65;50;50;17;61;39;49;49;78
244;390;446;800;1070;1370;1500;1275;660;660;317
245;0;0;0;0;150;0;0;0;0;0
246;0;0;0;0;21;0;0;0;0;0
247;100;100;150;120;150;177;0;0;0;0
248;253;682;619;60;60;337;337;338;338;475
249;500;250;275;794;680;670;670;256;256;274
250;305;109;109;109;116;116;116;109;109;109
251;15;20;25;28;30;30;30;33;33;0
252;3112;1087;1155;1746;729;1823;2916;2848;2848;2848
253;258;327;378;588;845;1624;2254;2728;2728;1899
254;392;98;102;116;336;236;0;0;0;0
255;1095;471;517;623;706;706;192;126;126;107
256;180;235;285;100;100;100;202;198;198;105
257;0;0;0;0;0;0;0;0;0;0
258;85;0;0;0;85;0;0;0;0;0
259;120;0;0;104;100;102;102;100;100;80
260;210;75;80;90;90;90;90;100;100;82
261;795;225;0;117;156;156;214;234;234;364
262;241;172;108;171;220;140;200;110;110;172
263;707;0;0;0;333;0;0;0;0;0
264;292;133;89;198;180;273;1262;1262;1262;774
265;0;0;0;0;57;0;0;0;0;0
266;0;0;0;0;14;0;0;0;0;0
267;0;0;0;0;151;0;0;0;0;0
268;284;142;41;60;60;60;50;59;59;40
269;180;65;65;74;74;0;0;0;0;0
270;0;0;0;0;37;0;0;0;0;0
271;41;30;25;50;57;57;60;66;66;66
272;562;745;1108;829;857;817;875;1118;1118;1341
273;806;420;592;567;597;600;600;441;441;441
274;188;268;323;190;226;226;143;181;181;170
275;354;304;304;310;246;246;257;158;158;0
276;388;360;365;1166;1550;1470;793;793;793;1010
277;82;49;41;39;39;39;9;0;0;0
278;0;0;0;0;254;0;0;0;0;0
279;326;159;152;145;148;148;148;148;148;150
280;205;100;100;100;100;100;100;100;100;100
281;0;0;0;0;69;0;0;0;0;0
282;0;0;0;0;24;0;0;0;0;0
283;0;0;0;0;243;0;0;0;0;0
284;168;640;313;174;244;244;177;0;0;0
285;2866;1055;721;651;505;445;505;500;500;370
286;52;60;50;0;60;0;0;0;0;0
287;1869;549;1000;600;355;160;60;60;60;0
288;184;121;121;0;121;0;0;0;0;0
289;160;105;135;265;190;190;205;125;125;44
290;753;1139;940;743;937;861;347;431;431;425
291;559;174;284;302;472;472;472;0;0;0
292;0;0;0;0;0;75;75;66;66;66
293;36;15;182;120;40;40;50;30;30;0
294;156;123;120;95;77;77;77;0;0;0
295;296;134;99;175;170;170;170;110;110;88
296;0;0;0;0;366;0;0;0;0;0
297;583;2049;2049;2578;2806;2806;2806;2608;2608;2080
298;609;364;250;305;356;337;337;340;340;169
299;1524;1350;1350;1125;1300;1300;1300;1262;1262;1108
300;1697;1983;1932;895;270;150;100;0;0;0
301;200;140;140;122;10;10;10;0;0;0
302;712;50;600;0;50;0;0;0;0;0
303;260;169;225;184;200;200;278;278;278;283
304;421;310;250;400;96;96;110;110;110;96
305;172;132;148;301;325;570;452;287;287;305
306;76;222;0;320;370;370;370;120;120;136
307;129;90;90;112;151;200;150;103;103;120
308;0;0;0;0;25;0;0;0;0;0
309;992;796;707;668;704;474;0;0;0;0
310;566;219;1064;430;424;328;211;105;105;168
311;374;301;263;347;278;352;370;245;245;192
312;0;0;0;0;58;122;165;165;165;114
313;173;115;300;350;350;210;210;210;210;205
314;0;0;0;0;88;0;0;0;0;0
315;0;0;0;0;39;0;0;0;0;0
316;187;74;232;224;169;153;188;113;113;0
317;420;190;208;346;375;375;265;285;285;723
318;35;101;101;100;106;75;37;0;0;0
319;133;63;42;38;38;0;0;0;0;0
320;87;83;70;50;50;0;0;0;0;0
321;95;56;85;74;74;59;59;52;52;50
322;61;300;300;375;425;425;500;500;500;490
323;35;0;0;0;35;0;0;0;0;0
324;0;0;0;0;160;0;0;0;0;0
325;136;75;90;100;100;109;0;0;0;0
326;62;40;40;0;40;0;0;0;0;0
327;0;0;0;0;314;0;0;0;0;0
328;927;250;237;260;371;200;120;98;98;98
329;67;0;0;0;37;0;0;0;0;0
330;200;88;0;128;145;300;100;94;94;67
331;0;0;0;0;70;0;0;0;0;0
332;250;170;315;344;390;485;315;246;246;336
333;312;286;280;202;253;253;354;340;340;255
334;186;171;272;1012;477;637;370;0;0;0
335;722;264;302;381;384;0;0;0;0;0
336;290;502;1219;374;386;386;389;319;319;0
337;0;0;0;0;80;0;0;0;0;0
338;91;50;55;50;55;68;0;67;67;77
339;32;32;20;0;25;0;0;0;0;0
340;1235;357;434;467;681;963;968;627;627;515
341;241;554;438;181;191;191;191;178;178;170
342;244;139;30;30;30;53;53;53;53;80
343;55;0;0;0;55;0;50;50;50;0
344;365;306;343;120;124;124;124;261;261;477
345;650;275;275;320;350;350;450;355;355;344
346;456;289;478;386;386;632;693;626;626;299
347;0;0;0;0;30;0;0;0;0;0
348;71;27;27;21;29;29;29;27;27;25
349;120;305;327;485;485;195;195;199;199;208
350;42;116;170;253;141;131;63;18;18;0
351;0;0;0;0;700;0;0;0;0;0
352;674;420;703;220;256;256;174;75;75;41
353;346;113;144;315;118;611;611;616;616;405
354;89;85;76;0;76;100;42;34;34;30
355;50;0;0;0;50;0;0;0;0;0
356;314;674;1100;1024;1024;0;0;0;0;0
357;1546;2675;5000;1950;950;2530;1845;1512;1512;2646
358;123;59;59;0;59;0;0;0;0;0
359;29;37;60;65;65;0;0;0;0;0
360;495;211;1497;2169;2561;2561;2935;2935;2935;367
361;518;286;470;520;520;520;520;530;530;408
362;562;891;0;1212;2720;2720;1633;1088;1088;958
363;659;472;372;230;230;0;0;0;0;0
364;200;150;250;152;355;130;100;100;100;100
365;150;0;0;0;75;0;0;0;0;0
366;58;23;32;25;30;0;0;0;0;0
367;229;95;95;0;90;0;0;0;0;0
368;742;641;671;390;390;390;390;390;390;146
369;896;494;759;712;721;662;535;562;562;446
370;345;407;420;496;626;626;626;365;365;430
371;75;0;0;0;75;0;0;0;0;0
372;350;300;0;210;210;83;160;21;21;0
373;194;99;99;99;99;95;95;95;95;110
374;269;0;0;0;269;0;0;0;0;0
375;71;75;100;80;80;90;90;90;90;99
376;220;150;260;310;420;350;350;242;242;112
377;285;52;40;0;52;0;0;0;0;0
378;368;845;920;1480;1620;670;670;1041;1041;741
379;70;50;68;125;190;126;121;90;90;0
380;512;559;559;559;550;490;490;572;572;586
381;76;143;160;215;300;307;307;343;343;296
382;48;50;50;48;45;45;50;52;52;52
383;362;282;174;413;413;560;381;263;263;367
384;20;20;47;25;22;83;83;83;83;0
385;315;1344;1552;0;1552;0;0;0;0;0
386;647;536;720;780;780;425;379;152;152;154
387;44;0;0;0;44;0;0;0;0;0
388;38;79;30;110;109;109;109;106;106;79
389;35;71;84;95;110;110;17;0;0;0
390;0;35;70;20;60;60;60;30;30;15
391;0;137;69;80;83;83;83;143;143;124
392;0;96;135;280;270;300;67;334;334;223
393;0;15;15;22;22;0;0;0;0;0
394;0;127;220;319;506;204;204;273;273;0
395;0;382;415;343;413;413;413;317;317;317
396;0;220;120;155;188;366;0;0;0;0
397;0;182;238;277;307;307;307;128;128;188
398;0;213;228;220;356;0;0;0;0;0
399;0;189;221;0;170;0;0;0;0;0
400;0;353;478;452;927;945;285;0;0;0
401;0;334;274;224;179;240;240;178;178;151
402;0;560;624;581;920;638;638;558;558;219
403;0;338;486;703;734;908;864;830;830;848
404;0;104;0;0;104;0;0;0;0;0
405;0;342;399;628;984;984;984;984;984;1005
406;0;48;151;158;111;111;137;0;0;0
407;0;149;178;200;234;247;120;0;0;0
408;0;139;130;306;242;277;184;0;0;0
409;0;260;398;709;377;377;377;261;261;335
410;0;189;404;0;130;0;0;0;0;0
411;0;117;147;201;220;50;77;0;0;0
412;0;412;496;438;438;0;0;0;0;0
413;0;338;1009;644;644;0;0;0;0;0
414;0;473;529;396;378;378;378;467;467;608
415;0;210;215;0;110;0;0;0;0;0
416;0;205;871;384;0;0;0;0;0;0
417;0;109;125;178;178;170;170;95;95;80
418;0;323;334;423;445;445;588;456;456;511
419;0;78;90;0;120;120;120;21;21;25
420;0;164;325;420;491;530;520;521;521;424
421;0;52;76;70;60;60;0;0;0;0
422;0;0;540;175;175;336;336;140;140;243
423;0;0;65;90;90;0;0;0;0;0
424;0;0;1000;2320;2107;2777;2777;3520;3520;1352
425;0;0;224;420;420;260;260;0;0;0
426;0;0;47;38;47;48;61;64;64;49
427;0;0;3984;3081;3704;3704;2100;2100;2100;2483
428;0;0;679;400;418;418;418;418;418;346
429;0;0;225;289;327;351;363;357;357;160
430;0;0;136;1062;446;489;457;359;359;256
431;0;0;76;303;350;350;319;333;333;0
432;0;0;157;160;240;240;240;219;219;222
433;0;0;0;110;100;100;65;20;20;20
434;0;0;0;191;199;106;106;78;78;0
435;0;0;0;1332;833;833;1267;1267;1267;983
436;0;0;0;255;338;424;410;410;410;333
437;0;0;0;90;110;110;110;110;110;100
438;0;0;0;638;858;858;1000;1019;1019;1119
439;0;0;0;0;324;0;0;0;0;0
440;0;0;0;178;231;231;231;357;357;508
441;0;0;0;349;359;359;359;405;405;340
442;0;0;0;160;154;154;154;215;215;179
443;0;0;0;268;270;270;513;224;224;207
444;0;0;0;198;350;350;350;449;449;0
445;0;0;0;412;421;475;518;604;604;527
446;0;0;0;202;222;632;632;632;632;746
447;0;0;0;0;86;0;0;0;0;0
448;0;0;0;630;815;815;543;79;79;133
449;0;0;0;0;1291;0;0;0;0;0
450;0;0;0;499;0;449;397;420;420;388
451;0;0;0;265;0;336;234;153;153;210
452;0;0;0;274;0;276;276;245;245;190
453;0;0;0;272;0;308;308;267;267;233
454;0;0;0;350;0;479;479;398;398;219
455;0;0;0;292;0;196;196;171;171;175
456;0;0;0;324;0;630;811;811;811;323
457;0;0;0;75;0;281;281;275;275;80
458;0;0;0;0;0;0;0;0;0;0
459;0;0;0;299;0;440;440;101;101;477
460;0;0;0;60;0;84;84;83;83;41
461;0;0;0;115;0;115;115;0;0;95
462;0;0;0;103;0;190;224;80;80;83
463;0;0;0;150;0;143;230;230;230;104
464;0;0;0;300;0;516;516;264;264;412
465;0;0;0;137;0;200;210;246;246;0
466;0;0;0;95;0;97;40;44;44;64
467;0;0;0;125;0;105;105;105;105;68
468;0;0;0;385;0;267;265;265;265;137
469;0;0;0;191;0;0;0;0;0;0
470;0;0;0;258;0;125;91;84;84;90
471;0;0;0;218;0;0;0;0;0;0
472;0;0;0;139;0;182;315;210;210;151
473;0;0;0;671;0;671;671;0;0;0
474;0;0;0;140;0;192;192;192;192;65
475;0;0;0;0;0;79;150;143;143;118
476;0;0;0;0;0;295;295;295;295;295
477;0;0;0;0;0;577;577;577;577;577
478;0;0;0;0;0;1200;2300;2020;2020;1420
479;0;0;0;0;0;426;426;426;426;404
480;0;0;0;0;0;698;1498;1954;1954;1403
481;0;0;0;0;0;184;184;124;124;0
482;0;0;0;0;0;428;428;207;207;222
483;0;0;0;0;0;445;445;445;445;820
484;0;0;0;0;0;0;0;0;0;0
485;0;0;0;0;0;141;159;142;142;138
486;0;0;0;0;0;288;282;236;236;128
487;0;0;0;0;0;240;240;0;0;465
488;0;0;0;0;0;40;63;82;82;54
489;0;0;0;0;0;349;932;1327;1327;982
490;0;0;0;0;0;103;154;141;141;0
491;0;0;0;0;0;142;90;123;123;85
492;0;0;0;0;0;1355;1416;1225;1225;1369
493;0;0;0;0;0;527;429;429;429;285
494;0;0;0;0;0;780;780;645;645;546
495;0;0;0;0;0;90;41;41;41;68
496;0;0;0;0;0;1275;1275;2369;2369;2722
497;0;0;0;0;0;308;308;412;412;430
498;0;0;0;0;0;129;205;228;228;0
499;0;0;0;0;0;511;511;511;511;571
500;0;0;0;0;0;323;323;323;323;372
501;0;0;0;0;0;216;281;264;264;253
502;0;0;0;0;0;63;0;52;52;44
503;0;0;0;0;0;2077;2034;1783;1783;1548
504;0;0;0;0;0;154;158;156;156;134
505;0;0;0;0;0;181;181;147;147;181
506;0;0;0;0;0;74;74;74;74;60
507;0;0;0;0;0;490;564;737;737;531
508;0;0;0;0;0;174;174;174;174;144
509;0;0;0;0;0;449;663;784;784;807
510;0;0;0;0;0;615;527;598;598;127
511;0;0;0;0;0;200;332;247;247;210
512;0;0;0;0;0;178;207;210;210;240
513;0;0;0;0;0;350;264;264;264;235
514;0;0;0;0;0;90;100;100;100;113
515;0;0;0;0;0;70;72;43;43;115
516;0;0;0;0;0;1170;1170;1153;1153;0
517;0;0;0;0;0;166;166;183;183;95
518;0;0;0;0;0;225;228;228;228;156
519;0;0;0;0;0;270;270;284;284;284
520;0;0;0;0;0;249;249;305;305;240
521;0;0;0;0;0;90;255;255;255;315
522;0;0;0;0;0;135;135;181;181;0
523;0;0;0;0;0;203;203;256;256;242
524;0;0;0;0;0;236;236;207;207;237
525;0;0;0;0;0;640;640;371;371;650
526;0;0;0;0;0;575;575;662;662;808
527;0;0;0;0;0;2397;2397;2397;2397;1379
528;0;0;0;0;0;58;58;58;58;38
529;0;0;0;0;0;241;241;271;271;175
530;0;0;0;0;0;63;47;35;35;0
531;0;0;0;0;0;0;135;154;154;161
532;0;0;0;0;0;0;375;375;375;240
533;0;0;0;0;0;0;155;140;140;140
534;0;0;0;0;0;0;511;614;614;556
535;0;0;0;0;0;0;557;598;598;590
536;0;0;0;0;0;0;2043;1302;1302;1302
537;0;0;0;0;0;0;132;165;165;120
538;0;0;0;0;0;0;681;1013;1013;493
539;0;0;0;0;0;0;58;85;85;113
540;0;0;0;0;0;0;297;263;263;0
541;0;0;0;0;0;0;902;721;721;650
542;0;0;0;0;0;0;81;153;153;93
543;0;0;0;0;0;0;532;190;190;166
544;0;0;0;0;0;0;183;183;183;107
545;0;0;0;0;0;0;980;1001;1001;1415
546;0;0;0;0;0;0;86;154;154;76
547;0;0;0;0;0;0;799;799;799;799
548;0;0;0;0;0;0;195;173;173;156
549;0;0;0;0;0;0;110;110;110;230
550;0;0;0;0;0;0;613;501;501;519
551;0;0;0;0;0;0;233;233;233;361
552;0;0;0;0;0;0;163;163;163;156
553;0;0;0;0;0;0;82;90;90;93
554;0;0;0;0;0;0;0;126;126;97
555;0;0;0;0;0;0;737;580;580;0
556;0;0;0;0;0;0;100;101;101;110
557;0;0;0;0;0;0;172;275;275;159
558;0;0;0;0;0;0;86;113;113;29
559;0;0;0;0;0;0;0;82;82;82
560;0;0;0;0;0;0;0;200;200;300
561;0;0;0;0;0;0;0;458;458;511
562;0;0;0;0;0;0;0;2015;2015;1830
563;0;0;0;0;0;0;0;1226;1226;1060
565;0;0;0;0;0;0;0;329;329;307
566;0;0;0;0;0;0;0;454;454;324
567;0;0;0;0;0;0;0;317;317;396
568;0;0;0;0;0;0;0;34;34;48
569;0;0;0;0;0;0;0;56;56;62
570;0;0;0;0;0;0;0;0;0;110
571;0;0;0;0;0;0;0;0;0;0
572;0;0;0;0;0;0;0;0;0;70
573;0;0;0;0;0;0;0;0;0;507
574;0;0;0;0;0;0;0;0;0;306
575;0;0;0;0;0;0;0;0;0;129
576;0;0;0;0;0;0;0;0;0;266
577;0;0;0;0;0;0;0;0;0;59
578;0;0;0;0;0;0;0;0;0;177
579;0;0;0;0;0;0;0;0;0;56
580;0;0;0;0;0;0;0;0;0;81
581;0;0;0;0;0;0;0;0;0;371
582;0;0;0;0;0;0;0;0;0;112
583;0;0;0;0;0;0;0;0;0;1135
584;0;0;0;0;0;0;0;0;0;136
585;0;0;0;0;0;0;0;0;0;131
586;0;0;0;0;0;0;0;0;0;1151
587;0;0;0;0;0;0;0;0;0;0
588;0;0;0;0;0;0;0;0;0;112
701;0;0;0;0;0;0;0;0;0;0
702;0;0;0;0;0;0;0;0;0;0
802;0;0;0;0;0;0;0;0;0;0
805;0;0;0;0;0;0;0;0;0;0
806;0;0;0;0;0;0;0;0;0;0
808;0;0;0;0;0;0;0;0;0;0
809;0;0;0;0;0;0;0;0;0;0
810;0;0;0;0;0;0;0;0;0;0
811;0;0;0;0;0;0;0;0;0;0
812;0;0;0;0;0;0;0;0;0;0
813;0;0;0;0;0;0;0;0;0;0
814;0;0;0;0;0;0;0;0;0;0
816;0;0;0;0;0;0;0;0;0;0
817;0;0;0;0;0;0;0;0;0;0
819;0;0;0;0;0;0;0;0;0;0
820;0;0;0;0;0;0;0;0;0;0
822;0;0;0;0;0;0;0;0;0;0
825;0;0;0;0;0;0;0;0;0;0
828;0;0;0;0;0;0;0;0;0;0
829;0;0;0;0;0;0;0;0;0;0
830;0;0;0;0;0;0;0;0;0;0
831;0;0;0;0;0;0;0;0;0;0
832;0;0;0;0;0;0;0;0;0;0
833;0;0;0;0;0;0;0;0;0;0
834;0;0;0;0;0;0;0;0;0;0
835;0;0;0;0;0;0;0;0;0;0
836;0;0;0;0;0;0;0;0;0;0
837;0;0;0;0;0;0;0;0;0;0
839;0;0;0;0;0;0;0;0;0;0
840;0;0;0;0;0;0;0;0;0;0
900;0;0;0;0;0;0;0;0;0;0
902;0;0;0;0;0;0;0;0;0;0
903;0;0;0;0;0;0;0;0;0;0
905;0;0;0;0;0;0;0;0;0;0
906;0;0;0;0;0;0;0;0;0;0
910;0;0;0;0;0;0;0;0;0;0
911;0;0;0;0;0;0;0;0;0;0
912;0;0;0;0;0;0;0;0;0;0
913;0;0;0;0;0;0;0;0;0;0
914;0;0;0;0;0;0;0;0;0;0
915;0;0;0;0;0;0;0;0;0;0
916;0;0;0;0;0;0;0;0;0;0
917;0;0;0;0;0;0;0;0;0;0
918;0;0;0;0;0;0;0;0;0;0
919;0;0;0;0;0;0;0;0;0;0
920;0;0;0;0;0;0;0;0;0;0
921;0;0;0;0;0;0;0;0;0;0
922;0;0;0;0;0;0;0;0;0;0
923;0;0;0;0;0;0;0;0;0;0
924;0;0;0;0;0;0;0;0;0;0
925;0;0;0;0;0;0;0;0;0;0
926;0;0;0;0;0;0;0;0;0;0
927;0;0;0;0;0;0;0;0;0;0
928;0;0;0;0;0;0;0;0;0;0
929;0;0;0;0;0;0;0;0;0;0
930;0;0;0;0;0;0;0;0;0;0
931;0;0;0;0;0;0;0;0;0;0
932;0;0;0;0;0;0;0;0;0;0
933;0;0;0;0;0;0;0;0;0;0
934;0;0;0;0;0;0;0;0;0;0
935;0;0;0;0;0;0;0;0;0;0
936;0;0;0;0;0;0;0;0;0;0
937;0;0;0;0;0;0;0;0;0;0
938;0;0;0;0;0;0;0;0;0;0
939;0;0;0;0;0;0;0;0;0;0
940;0;0;0;0;0;0;0;0;0;0
941;0;0;0;0;0;0;0;0;0;0
942;0;0;0;0;0;0;0;0;0;0
943;0;0;0;0;0;0;0;0;0;0
944;0;0;0;0;0;0;0;0;0;0
945;0;0;0;0;0;0;0;0;0;0
946;0;0;0;0;0;0;0;0;0;0
947;0;0;0;0;0;0;0;0;0;0
948;0;0;0;0;0;0;0;0;0;0
949;0;0;0;0;0;0;0;0;0;0
950;0;0;0;0;0;0;0;0;0;0
951;0;0;0;0;0;0;0;0;0;0
952;0;0;0;0;0;0;0;0;0;0
953;0;0;0;0;0;0;0;0;0;0
954;0;0;0;0;0;0;0;0;0;0
955;0;0;0;0;0;0;0;0;0;0
956;0;0;0;0;0;0;0;0;0;0
957;0;0;0;0;0;0;0;0;0;0
958;0;0;0;0;0;0;0;0;0;0
959;0;0;0;0;0;0;0;0;0;0
960;0;0;0;0;0;0;0;0;0;0
970;0;0;0;0;0;0;0;0;0;0
983;0;0;0;0;0;0;0;0;0;0
991;0;0;0;0;0;0;0;0;0;0
992;0;0;0;0;0;0;0;0;0;0
993;0;0;0;0;0;0;0;0;0;0
994;0;0;0;0;0;0;0;0;0;0
995;0;0;0;0;0;0;0;0;0;0
996;0;0;0;0;0;0;0;0;0;0
997;0;0;0;0;0;0;0;0;0;0
998;0;0;0;0;0;0;0;0;0;0
999;0;0;0;0;0;0;0;0;0;0
1000;0;0;0;0;0;0;0;0;0;0
1001;0;0;0;0;0;0;0;0;0;0
1002;0;0;0;0;0;0;0;0;0;0
1003;0;0;0;0;0;0;0;0;0;0
1004;0;0;0;0;0;0;0;0;0;0
2011;0;0;0;0;0;0;0;0;0;0
2012;0;0;0;0;0;0;0;0;0;0
2013;0;0;0;0;0;0;0;0;0;0
2014;0;0;0;0;0;0;0;0;0;0
2015;0;0;0;0;0;0;0;0;0;0
2019;0;0;0;0;0;0;0;0;0;0
2021;0;0;0;0;0;0;0;0;0;0
2023;0;0;0;0;0;0;0;0;0;0
2024;0;0;0;0;0;0;0;0;0;0
2031;0;0;0;0;0;0;0;0;0;0
2033;0;0;0;0;0;0;0;0;0;0
2034;0;0;0;0;0;0;0;0;0;0
2035;0;0;0;0;0;0;0;0;0;0
2037;0;0;0;0;0;0;0;0;0;0
2038;0;0;0;0;0;0;0;0;0;0
2040;0;0;0;0;0;0;0;0;0;0
2045;0;0;0;0;0;0;0;0;0;0
2046;0;0;0;0;0;0;0;0;0;0
2047;0;0;0;0;0;0;0;0;0;0
2048;0;0;0;0;0;0;0;0;0;0
2049;0;0;0;0;0;0;0;0;0;0
3000;0;0;0;0;0;0;0;0;0;0
3001;0;0;0;0;0;0;0;0;0;0
3002;0;0;0;0;0;0;0;0;0;0
3003;0;0;0;0;0;0;0;0;0;0
3004;0;0;0;0;0;0;0;0;0;0
3005;0;0;0;0;0;0;0;0;0;0
3006;0;0;0;0;0;0;0;0;0;0
3007;0;0;0;0;0;0;0;0;0;0
3008;0;0;0;0;0;0;0;0;0;0
3009;0;0;0;0;0;0;0;0;0;0
3010;0;0;0;0;0;0;0;0;0;0
3011;0;0;0;0;0;0;0;0;0;0
5001;0;0;64;0;0;0;0;0;0;0
5002;0;0;115;0;0;0;0;0;0;0
5003;0;0;121;0;0;0;0;0;0;0
5004;0;0;109;0;0;0;0;0;0;0
5005;0;0;0;0;0;0;0;0;0;0
5006;0;0;0;0;0;0;0;0;0;0
5007;0;0;0;0;0;0;0;0;0;0
5008;0;0;0;0;0;0;0;0;0;0
5009;0;0;0;0;0;0;0;0;0;0
5010;0;0;0;0;0;0;0;0;0;0
6001;0;0;0;0;0;0;0;0;0;0
6002;0;0;0;0;0;0;0;0;0;0
6003;0;0;0;0;0;0;0;0;0;0
6004;0;0;0;0;0;0;0;0;0;0
6005;0;0;0;0;0;0;0;0;0;0
6006;0;0;0;0;0;0;0;0;0;0
6007;0;0;0;0;0;0;0;0;0;0
6008;0;0;0;0;0;0;0;0;0;0
6009;0;0;0;0;0;0;0;0;0;0
6010;0;0;0;0;0;0;0;0;0;0
6011;0;0;0;0;0;0;0;0;0;0
6012;0;0;0;0;0;0;0;0;0;0
6013;0;0;0;0;0;0;0;0;0;0
6014;0;0;0;0;0;0;0;0;0;0
6015;0;0;0;0;0;0;0;0;0;0
6016;0;0;0;0;0;0;0;0;0;0
6017;0;0;0;0;0;0;0;0;0;0
6019;0;0;0;0;0;0;0;0;0;0
6020;0;0;0;0;0;0;0;0;0;0
6021;0;0;0;0;0;0;0;0;0;0
6022;0;0;0;0;0;0;0;0;0;0
6023;0;0;0;0;0;0;0;0;0;0
6027;0;0;0;0;0;0;0;0;0;0
6028;0;0;0;0;0;0;0;0;0;0
6029;0;0;0;0;0;0;0;0;0;0
6031;0;0;0;0;0;0;0;0;0;0
6032;0;0;0;0;0;0;0;0;0;0
6033;0;0;0;0;0;0;0;0;0;0
6034;0;0;0;0;0;0;0;0;0;0
6035;0;0;0;0;0;0;0;0;0;0
6036;0;0;0;0;0;0;0;0;0;0
6037;0;0;0;0;0;0;0;0;0;0
6038;0;0;0;0;0;0;0;0;0;0
6039;0;0;0;0;0;0;0;0;0;0
6040;0;0;0;0;0;0;0;0;0;0
6041;0;0;0;0;0;0;0;0;0;0
6042;0;0;0;0;0;0;0;0;0;0
6043;0;0;0;0;0;0;0;0;0;0
6044;0;0;0;0;0;0;0;0;0;0
6045;0;0;0;0;0;0;0;0;0;0
6046;0;0;0;0;0;0;0;0;0;0
6047;0;0;0;0;0;0;0;0;0;0
6048;0;0;0;0;0;0;0;0;0;0
6049;0;0;0;0;0;0;0;0;0;0
6050;0;0;0;0;0;0;0;0;0;0
6051;0;0;0;0;0;0;0;0;0;0
6052;0;0;0;0;0;0;0;0;0;0
6053;0;0;0;0;0;0;0;0;0;0
6054;0;0;0;0;0;0;0;0;0;0
6055;0;0;0;0;0;0;0;0;0;0
6056;0;0;0;0;0;0;0;0;0;0
6057;0;0;0;0;0;0;0;0;0;0
6058;0;0;0;0;0;0;0;0;0;0
6059;0;0;0;0;0;0;0;0;0;0
6060;0;0;0;0;0;0;0;0;0;0
6061;0;0;0;0;0;0;0;0;0;0
6062;0;0;0;0;0;0;0;0;0;0
6063;0;0;0;0;0;0;0;0;0;0
6064;0;0;0;0;0;0;0;0;0;0
6065;0;0;0;0;0;0;0;0;0;0
6066;0;0;0;0;0;0;0;0;0;0
6067;0;0;0;0;0;0;0;0;0;0
6068;0;0;0;0;0;0;0;0;0;0
6069;0;0;0;0;0;0;0;0;0;0
6070;0;0;0;0;0;0;0;0;0;0
6071;0;0;0;0;0;0;0;0;0;0
6072;0;0;0;0;0;0;0;0;0;0
6073;0;0;0;0;0;0;0;0;0;0
6074;0;0;0;0;0;0;0;0;0;0
6075;0;0;0;0;0;0;0;0;0;0
6076;0;0;0;0;0;0;0;0;0;0
6077;0;0;0;0;0;0;0;0;0;0
6078;0;0;0;0;0;0;0;0;0;0
6079;0;0;0;0;0;0;0;0;0;0
6080;0;0;0;0;0;0;0;0;0;0
6081;0;0;0;0;0;0;0;0;0;0
6082;0;0;0;0;0;0;0;0;0;0
6083;0;0;0;0;0;0;0;0;0;0
6084;0;0;0;0;0;0;0;0;0;0
6085;0;0;0;0;0;0;0;0;0;0
6086;0;0;0;0;0;0;0;0;0;0
6088;0;0;0;0;0;0;0;0;0;0
6089;0;0;0;0;0;0;0;0;0;0
6090;0;0;0;0;0;0;0;0;0;0
6091;0;0;0;0;0;0;0;0;0;0
6092;0;0;0;0;0;0;0;0;0;0
6093;0;0;0;0;0;0;0;0;0;0
6094;0;0;0;0;0;0;0;0;0;0
6095;0;0;0;0;0;0;0;0;0;0
6096;0;0;0;0;0;0;0;0;0;0
6099;0;0;0;0;0;0;0;0;0;0
6100;0;0;0;0;0;0;0;0;0;0
6101;0;0;0;0;0;0;0;0;0;0
6102;0;0;0;0;0;0;0;0;0;0
6103;0;0;0;0;0;0;0;0;0;0
6105;0;0;0;0;0;0;0;0;0;0
6106;0;0;0;0;0;0;0;0;0;0
6107;0;0;0;0;0;0;0;0;0;0
6108;0;0;0;0;0;0;0;0;0;0
6109;0;0;0;0;0;0;0;0;0;0
6110;0;0;0;0;0;0;0;0;0;0
6111;0;0;0;0;0;0;0;0;0;0
6112;0;0;0;0;0;0;0;0;0;0
6114;0;0;0;0;0;0;0;0;0;0
6115;0;0;0;0;0;0;0;0;0;0
6116;0;0;0;0;0;0;0;0;0;0
6118;0;0;0;0;0;0;0;0;0;0
6119;0;0;0;0;0;0;0;0;0;0
6120;0;0;0;0;0;0;0;0;0;0
6121;0;0;0;0;0;0;0;0;0;0
6122;0;0;0;0;0;0;0;0;0;0
6123;0;0;0;0;0;0;0;0;0;0
6124;0;0;0;0;0;0;0;0;0;0
6125;0;0;0;0;0;0;0;0;0;0
6126;0;0;0;0;0;0;0;0;0;0
6127;0;0;0;0;0;0;0;0;0;0
6128;0;0;0;0;0;0;0;0;0;0
6129;0;0;0;0;0;0;0;0;0;0
6130;0;0;0;0;0;0;0;0;0;0
6131;0;0;0;0;0;0;0;0;0;0
6132;0;0;0;0;0;0;0;0;0;0
6133;0;0;0;0;0;0;0;0;0;0
6134;0;0;0;0;0;0;0;0;0;0
6135;0;0;0;0;0;0;0;0;0;0
6139;0;0;0;0;0;0;0;0;0;0
6140;0;0;0;0;0;0;0;0;0;0
6141;0;0;0;0;0;0;0;0;0;0
6142;0;0;0;0;0;0;0;0;0;0
6143;0;0;0;0;0;0;0;0;0;0
6144;0;0;0;0;0;0;0;0;0;0
6145;0;0;0;0;0;0;0;0;0;0
6146;0;0;0;0;0;0;0;0;0;0
6147;0;0;0;0;0;0;0;0;0;0
6148;0;0;0;0;0;0;0;0;0;0
6149;0;0;0;0;0;0;0;0;0;0
6150;0;0;0;0;0;0;0;0;0;0
6152;0;0;0;0;0;0;0;0;0;0
6153;0;0;0;0;0;0;0;0;0;0
6155;0;0;0;0;0;0;0;0;0;0
6156;0;0;0;0;0;0;0;0;0;0
6157;0;0;0;0;0;0;0;0;0;0
6160;0;0;0;0;0;0;0;0;0;0
6161;0;0;0;0;0;0;0;0;0;0
6162;0;0;0;0;0;0;0;0;0;0
6163;0;0;0;0;0;0;0;0;0;0
6167;0;0;0;0;0;0;0;0;0;0
6168;0;0;0;0;0;0;0;0;0;0
6169;0;0;0;0;0;0;0;0;0;0
6171;0;0;0;0;0;0;0;0;0;0
6172;0;0;0;0;0;0;0;0;0;0
6173;0;0;0;0;0;0;0;0;0;0
6174;0;0;0;0;0;0;0;0;0;0
6175;0;0;0;0;0;0;0;0;0;0
